"Departament_Name","Departament_id"
"Belle of Louisville",1
"Civic Innovation & Technology",2
"Codes & Regulations",3
"Commonwealth Attorney",4
"Community Services",5
"Coroner",6
"Corrections",7
"County Attorney",8
"Develop Louisville",9
"Economic Development",10
"Emergency Mgt Agency/MetroSafe",11
"Fire & Rescue",12
"Fleet & Facilities",13
"Human Relations Commission",14
"Human Resources",15
"Internal Auditor",16
"Kentuckiana Works Foundation",17
"Library",18
"Louisville Metro Council",19
"Louisville Metro EMS",20
"Mayor's Office",21
"Metro Animal Services",22
"Metro Criminal Justice Comm",23
"Metro Parks & Recreation",24
"Metro Police",25
"Office of Performance Improvmt",26
"OMB",27
"Other Officials",28
"Parking Authority of River Cty",29
"Public Health & Wellness",30
"PW&A",31
"Safe & Healthy Neighborhoods",32
"Waterfront Development Corp",33
"Youth Detention Services",34
"Zoo",35
"All Metro Gov",36
